filename,pair,speaker,task,delay,delay_ms,correct_shifts,false_positives,false_negatives,total_predictions,total_ground_truth,precision,recall,f1,avg_time_difference,pred_mean_duration,pred_median_duration,pred_std_duration,gt_mean_duration,gt_median_duration,gt_std_duration,source_folder
01_S01_boat_d1500_conversation.csv,1,S01,boat,d1500,1500,139,324,138,463,277,0.3002159827213823,0.5018050541516246,0.3756756756756756,0.357859099298288,1.5079481641468686,0.7199999999999704,2.0403503863936927,1.7024501252548478,1.3600000000000136,1.342904229521219,01
01_S01_desert_d0000_conversation.csv,1,S01,desert,d0000,0,174,307,152,481,326,0.3617463617463617,0.5337423312883436,0.4312267657992565,0.3546145694147443,1.4687318087318053,0.7000000000000455,1.901804005372528,1.5280767378605824,1.1000000000000227,1.3056585648947696,01
01_S01_nuclear_d0500_conversation.csv,1,S01,nuclear,d0500,500,189,347,159,536,348,0.3526119402985074,0.5431034482758621,0.4276018099547511,0.4125290489591473,1.4247014925373116,0.5800000000000018,2.117342811765511,1.5905161404863914,1.160000000000025,1.3934563344151332,01
01_S01_space_d1000_conversation.csv,1,S01,space,d1000,1000,121,351,177,472,298,0.2563559322033898,0.4060402684563758,0.3142857142857143,0.4072760451232665,1.5074999999999996,0.5600000000000023,2.6465517419618574,1.700952334930121,1.1999999999999886,1.4575471222519802,01
01_S02_boat_d1500_conversation.csv,1,S02,boat,d1500,1500,126,299,151,425,277,0.2964705882352941,0.4548736462093863,0.358974358974359,0.339779129718518,1.642823529411766,0.6200000000000045,2.244458489265194,1.7024501252548478,1.3600000000000136,1.342904229521219,01
01_S02_desert_d0000_conversation.csv,1,S02,desert,d0000,0,178,292,148,470,326,0.3787234042553191,0.5460122699386503,0.4472361809045225,0.340454246023597,1.5062553191489354,0.7199999999999989,1.9349579188132455,1.5280767378605824,1.1000000000000227,1.3056585648947696,01
01_S02_nuclear_d0500_conversation.csv,1,S02,nuclear,d0500,500,174,338,174,512,348,0.33984375,0.5,0.4046511627906977,0.325691943312526,1.4924218750000016,0.6000000000000014,2.295381315712377,1.5905161404863914,1.160000000000025,1.3934563344151332,01
01_S02_space_d1000_conversation.csv,1,S02,space,d1000,1000,120,338,178,458,298,0.2620087336244541,0.4026845637583892,0.3174603174603174,0.3182419974438708,1.5549344978165949,0.5799999999999841,2.783125166858189,1.7009523349301212,1.1999999999999886,1.4575471222519802,01
02_S03_boat_d0500_conversation.csv,2,S03,boat,d0500,500,232,291,252,523,484,0.4435946462715105,0.4793388429752066,0.4607745779543197,0.349523239871663,1.5061567877629054,0.6399999999999864,2.2393206832977577,1.276799632650837,0.8199999999999363,1.1720498838964766,02
02_S03_desert_d1500_conversation.csv,2,S03,desert,d1500,1500,145,269,225,414,370,0.3502415458937198,0.3918918918918919,0.3698979591836734,0.4260950007794813,1.4722222222222228,0.5799999999999841,2.1457632424492386,1.2154338346391935,0.7057376047364983,1.235071542912403,02
02_S03_nuclear_d1000_conversation.csv,2,S03,nuclear,d1000,1000,229,276,231,505,460,0.4534653465346535,0.4978260869565217,0.4746113989637305,0.3373576583883393,1.5598415841584166,0.6399999999999864,2.5410711031260136,1.2418026092814396,0.8215633010592427,1.1358050980365384,02
02_S03_space_d0000_conversation.csv,2,S03,space,d0000,0,254,191,219,445,473,0.5707865168539326,0.5369978858350951,0.5533769063180828,0.3058029396138318,1.7750561797752795,0.6599999999999682,2.586572554774662,1.3091782712673514,0.8000000000000114,1.341380977227026,02
02_S04_boat_d0500_conversation.csv,2,S04,boat,d0500,500,268,313,216,581,484,0.4612736660929432,0.5537190082644629,0.5032863849765259,0.3227800541010351,1.3510843373493997,0.5800000000000409,1.9527202513802504,1.276799632650837,0.8199999999999363,1.1720498838964766,02
02_S04_desert_d1500_conversation.csv,2,S04,desert,d1500,1500,125,247,245,372,370,0.336021505376344,0.3378378378378378,0.3369272237196765,0.421611052378691,1.6424193548387105,0.6400000000000006,2.4876684157504125,1.2154338346391935,0.7057376047364983,1.235071542912403,02
02_S04_nuclear_d1000_conversation.csv,2,S04,nuclear,d1000,1000,274,290,186,564,460,0.4858156028368794,0.5956521739130435,0.5351562499999999,0.3140489438551086,1.3924468085106367,0.6200000000000045,2.0426895353799623,1.24180260928144,0.8215633010592427,1.1358050980365382,02
02_S04_space_d0000_conversation.csv,2,S04,space,d0000,0,251,187,222,438,473,0.5730593607305936,0.5306553911205074,0.5510428100987925,0.3035944292313866,1.8028767123287663,0.6800000000000068,2.600238123685721,1.3091782712673514,0.8000000000000114,1.341380977227026,02
03_S05_boat_d1000_conversation.csv,3,S05,boat,d1000,1000,204,254,164,458,368,0.445414847161572,0.5543478260869565,0.4939467312348669,0.2915358906768756,1.4082532751091692,0.8400000000000318,1.6275008318540984,1.2334291855979094,0.9468498915680356,0.9624530057032894,03
03_S05_desert_d0000_conversation.csv,3,S05,desert,d0000,0,207,198,171,405,378,0.5111111111111111,0.5476190476190477,0.5287356321839081,0.3144354196731334,1.6479506172839522,0.8600000000000136,2.0765572166700736,1.3267457576071453,1.0,1.1297459535535712,03
03_S05_nuclear_d0500_conversation.csv,3,S05,nuclear,d0500,500,121,150,124,271,245,0.4464944649446494,0.4938775510204081,0.4689922480620155,0.3680225606062253,1.500590405904059,0.660000000000025,2.2822646110260534,1.2990932675984708,0.9000000000000057,1.1089895308929394,03
03_S05_space_d1500_conversation.csv,3,S05,space,d1500,1500,190,258,132,448,322,0.4241071428571428,0.5900621118012422,0.4935064935064934,0.3139287221378978,1.3621874999999988,0.7400000000000091,1.831397212665246,1.2649099795664542,0.9599999999999796,1.1041117239906888,03
03_S06_boat_d1000_conversation.csv,3,S06,boat,d1000,1000,197,255,171,452,368,0.4358407079646018,0.5353260869565217,0.4804878048780487,0.3518902167713229,1.429424778761061,0.82000000000005,1.6970673888263457,1.2334291855979094,0.9468498915680356,0.9624530057032894,03
03_S06_desert_d0000_conversation.csv,3,S06,desert,d0000,0,212,189,166,401,378,0.5286783042394015,0.5608465608465608,0.5442875481386393,0.312255931135585,1.6626932668329175,0.9000000000000341,2.044613805623004,1.3267457576071453,1.0,1.1297459535535712,03
03_S06_nuclear_d0500_conversation.csv,3,S06,nuclear,d0500,500,118,133,127,251,245,0.4701195219123506,0.4816326530612245,0.4758064516129032,0.3013841777123479,1.6250996015936257,0.7599999999999909,2.6379575829044404,1.2990932675984708,0.9000000000000057,1.1089895308929394,03
03_S06_space_d1500_conversation.csv,3,S06,space,d1500,1500,182,217,140,399,322,0.4561403508771929,0.5652173913043478,0.5048543689320387,0.3087578994107421,1.5284210526315785,0.8799999999999955,1.8782349905849245,1.264909979566454,0.9599999999999796,1.104111723990689,03
04_S07_boat_d0000_conversation.csv,4,S07,boat,d0000,0,185,350,162,535,347,0.3457943925233644,0.5331412103746398,0.4195011337868481,0.3825165859573948,1.5136074766355123,0.6399999999999864,2.058354727051193,1.3540978130758692,0.8661560951846354,1.273172359762943,04
04_S07_desert_d0500_conversation.csv,4,S07,desert,d0500,500,221,401,183,622,404,0.3553054662379421,0.5470297029702971,0.4307992202729044,0.3606276516189838,1.375852090032153,0.6599999999999682,1.93405397763662,1.1798875909347513,0.9122879942565304,1.0193021553300696,04
04_S07_nuclear_d1000_conversation.csv,4,S07,nuclear,d1000,1000,169,294,168,463,337,0.3650107991360691,0.5014836795252225,0.4225,0.3369210121741742,1.572872570194383,0.7800000000000011,2.19615572209347,1.2896767310350126,0.8945276240244766,1.0684010930914276,04
04_S07_space_d1500_conversation.csv,4,S07,space,d1500,1500,159,370,206,529,365,0.3005671077504726,0.4356164383561643,0.3557046979865771,0.3438727201616214,1.526313799621929,0.7400000000000091,2.083281597703348,1.3105382576306588,1.0704800504086052,1.0394529549829965,04
04_S08_boat_d0000_conversation.csv,4,S08,boat,d0000,0,191,354,156,545,347,0.3504587155963303,0.5504322766570605,0.4282511210762332,0.3562634010105637,1.4827889908256866,0.6200000000000045,2.043366425771583,1.3540978130758692,0.8661560951846354,1.273172359762943,04
04_S08_desert_d0500_conversation.csv,4,S08,desert,d0500,500,220,375,184,595,404,0.3697478991596639,0.5445544554455446,0.4404404404404404,0.3181123183082289,1.440134453781511,0.7599999999999909,1.989976558809489,1.1798875909347513,0.9122879942565304,1.0193021553300696,04
04_S08_nuclear_d1000_conversation.csv,4,S08,nuclear,d1000,1000,190,324,147,514,337,0.3696498054474708,0.5637982195845698,0.4465334900117509,0.2955690997564323,1.4120233463035003,0.6399999999999864,1.931277523053144,1.2896767310350128,0.8945276240244766,1.0684010930914278,04
04_S08_space_d1500_conversation.csv,4,S08,space,d1500,1500,194,385,171,579,365,0.3350604490500863,0.5315068493150685,0.4110169491525424,0.3127869687522148,1.3920207253886023,0.6999999999999318,1.8221918967891864,1.3105382576306588,1.0704800504086052,1.0394529549829965,04
05_S09_boat_d1500_conversation.csv,5,S09,boat,d1500,1500,272,261,196,533,468,0.5103189493433395,0.5811965811965812,0.5434565434565436,0.2809544454790205,1.4640150093808646,0.6800000000000068,2.0516229826198877,1.3010054621587035,0.8700000000000045,1.1585254522864643,05
05_S09_desert_d0000_conversation.csv,5,S09,desert,d0000,0,315,180,157,495,472,0.6363636363636364,0.6673728813559322,0.6514994829369183,0.2902368455553224,1.558343434343434,0.6999999999999886,1.9650867005398795,1.392417300400936,0.9000000000000341,1.2481546265433687,05
05_S09_nuclear_d0500_conversation.csv,5,S09,nuclear,d0500,500,239,256,183,495,422,0.4828282828282828,0.566350710900474,0.5212649945474374,0.2880227367644294,1.648565656565658,0.7200000000000273,2.2770023185804,1.376356719782292,0.8899999999999864,1.2220856133474898,05
05_S09_space_d1000_conversation.csv,5,S09,space,d1000,1000,217,186,178,403,395,0.5384615384615384,0.549367088607595,0.5438596491228069,0.2852040137661615,1.912109181141441,0.8999999999999915,2.862304727894137,1.4905775610418246,1.086802422104995,1.2432828068654411,05
05_S10_boat_d1500_conversation.csv,5,S10,boat,d1500,1500,238,340,230,578,468,0.4117647058823529,0.5085470085470085,0.4550669216061185,0.3616323934920966,1.3462629757785471,0.6200000000000045,1.8340743156163537,1.3010054621587035,0.8700000000000045,1.1585254522864648,05
05_S10_desert_d0000_conversation.csv,5,S10,desert,d0000,0,316,200,156,516,472,0.6124031007751938,0.6694915254237288,0.6396761133603239,0.3068423151858542,1.4939922480620154,0.6800000000000068,1.915578411629944,1.392417300400936,0.9000000000000341,1.2481546265433687,05
05_S10_nuclear_d0500_conversation.csv,5,S10,nuclear,d0500,500,220,276,202,496,422,0.4435483870967742,0.5213270142180095,0.4793028322440087,0.3560103173913363,1.6457661290322592,0.8000000000000114,2.168876952624778,1.376356719782292,0.8899999999999864,1.2220856133474898,05
05_S10_space_d1000_conversation.csv,5,S10,space,d1000,1000,173,261,222,434,395,0.3986175115207373,0.4379746835443038,0.4173703256936067,0.3222208658208342,1.7717050691244196,0.82000000000005,2.776611558557871,1.4905775610418248,1.086802422104995,1.2432828068654411,05
07_S13_boat_d1000_conversation.csv,7,S13,boat,d1000,1000,186,299,255,485,441,0.3835051546391753,0.4217687074829932,0.4017278617710584,0.3481664245066619,1.5100206185566996,0.5799999999999841,2.43362277138206,1.2673581258319595,0.999241527307575,1.048981272816804,07
07_S13_desert_d1500_conversation.csv,7,S13,desert,d1500,1500,174,266,176,440,350,0.3954545454545454,0.4971428571428571,0.440506329113924,0.3614217679881781,1.3516818181818182,0.6200000000000045,1.9232417917852735,1.3188131050830347,1.0199999999999818,1.0341064521150387,07
07_S13_nuclear_d0000_conversation.csv,7,S13,nuclear,d0000,0,84,76,56,160,140,0.525,0.6,0.56,0.3660104377647474,1.4529999999999998,0.6200000000000045,1.8271182227759653,1.359331781279681,1.019999999999996,1.0974760663172016,07
07_S13_space_d0500_conversation.csv,7,S13,space,d0500,500,96,220,127,316,223,0.3037974683544304,0.4304932735426009,0.3562152133580705,0.3651257415284069,1.3105696202531645,0.519999999999996,2.0719472720891265,1.3376964264491358,1.0717109846351036,0.9615624666911324,07
07_S14_boat_d1000_conversation.csv,7,S14,boat,d1000,1000,191,263,250,454,441,0.4207048458149779,0.4331065759637188,0.4268156424581005,0.3348599896577104,1.6173127753303955,0.54,2.598004453432875,1.2673581258319595,0.999241527307575,1.0489812728168038,07
07_S14_desert_d1500_conversation.csv,7,S14,desert,d1500,1500,177,179,173,356,350,0.497191011235955,0.5057142857142857,0.5014164305949008,0.3763424637371812,1.6805056179775306,0.7599999999999909,2.500428900842951,1.3188131050830347,1.0199999999999818,1.0341064521150387,07
07_S14_nuclear_d0000_conversation.csv,7,S14,nuclear,d0000,0,82,77,58,159,140,0.5157232704402516,0.5857142857142857,0.548494983277592,0.3587444875332337,1.4642767295597483,0.6999999999999886,1.7796379601853578,1.359331781279681,1.019999999999996,1.0974760663172016,07
07_S14_space_d0500_conversation.csv,7,S14,space,d0500,500,114,178,109,292,223,0.3904109589041096,0.5112107623318386,0.4427184466019417,0.4336329097007714,1.4200684931506844,0.5200000000000031,1.9254833929895516,1.3376964264491358,1.0717109846351036,0.9615624666911324,07
08_S15_beach_d0000_conversation.csv,8,S15,beach,d0000,0,280,155,526,435,806,0.6436781609195402,0.347394540942928,0.4512489927477841,0.3024016747746705,1.3792643678160936,0.660000000000025,1.7551226597589449,1.3763327461144208,0.9558968231824848,1.3006975536781369,08
08_S15_farm_d1000_conversation.csv,8,S15,farm,d1000,1000,339,209,457,548,796,0.6186131386861314,0.4258793969849246,0.5044642857142858,0.4333407952170185,1.1458029197080282,0.5999999999999943,1.426943767603994,1.4388270635596965,1.0882264788037332,1.1921956442402597,08
08_S15_park_d1500_conversation.csv,8,S15,park,d1500,1500,137,135,411,272,548,0.5036764705882353,0.25,0.3341463414634146,0.3752679762617518,2.406029411764707,0.8400000000000318,3.662103076145105,1.90729044062082,1.3149272774293197,1.8687376966439375,08
08_S15_street_d0500_conversation.csv,8,S15,street,d0500,500,347,173,443,520,790,0.6673076923076923,0.4392405063291139,0.5297709923664122,0.613172150647445,1.228307692307692,0.6199999999999974,1.5379782625559677,1.4528461731752491,0.9250674177343968,1.562825934221161,08
08_S16_beach_d0000_conversation.csv,8,S16,beach,d0000,0,283,153,523,436,806,0.6490825688073395,0.3511166253101737,0.4557165861513687,0.3034257230017816,1.3753669724770663,0.6999999999999886,1.74803732750726,1.3763327461144208,0.9558968231824848,1.3006975536781369,08
08_S16_farm_d1000_conversation.csv,8,S16,farm,d1000,1000,313,196,483,509,796,0.6149312377210217,0.39321608040201,0.4796934865900383,0.4533708595526161,1.2380746561886051,0.700000000000017,1.598377930948606,1.4388270635596965,1.0882264788037332,1.1921956442402597,08
08_S16_park_d1500_conversation.csv,8,S16,park,d1500,1500,145,170,403,315,548,0.4603174603174603,0.2645985401459854,0.33603707995365,0.4063143360427777,2.0732698412698425,0.6800000000000637,3.656168578336813,1.90729044062082,1.3149272774293197,1.8687376966439375,08
08_S16_street_d0500_conversation.csv,8,S16,street,d0500,500,316,206,474,522,790,0.6053639846743295,0.4,0.4817073170731706,0.5964265603631618,1.2219923371647514,0.6399999999999864,1.558335102322031,1.4528461731752491,0.9250674177343968,1.562825934221161,08
09_S17_beach_d0000_conversation.csv,9,S17,beach,d0000,0,252,238,480,490,732,0.5142857142857142,0.3442622950819672,0.4124386252045827,0.3714148159839348,1.2401224489795908,0.5,1.9917423367561,1.4067763071367043,1.059813492671367,1.2067899350167637,09
09_S17_farm_d0500_conversation.csv,9,S17,farm,d0500,500,247,205,491,452,738,0.5464601769911505,0.3346883468834688,0.4151260504201681,0.5746554026012884,1.3784513274336274,0.5400000000000205,2.288684417449301,1.2815808846219396,0.9200000000000728,1.2140406048921522,09
09_S17_park_d1000_conversation.csv,9,S17,park,d1000,1000,320,227,474,547,794,0.5850091407678245,0.4030226700251889,0.4772557792692021,0.4128665004464688,1.1189762340036549,0.5200000000000102,1.5960166518555103,1.1364913862442725,0.8119803015366642,1.0183617582694409,09
09_S17_street_d1500_conversation.csv,9,S17,street,d1500,1500,300,252,464,552,764,0.5434782608695652,0.3926701570680628,0.4559270516717325,0.377874411160071,1.1307246376811575,0.5600000000000023,1.64257073069473,1.1429071266252389,0.8354162781113814,1.0450423134565767,09
09_S18_beach_d0000_conversation.csv,9,S18,beach,d0000,0,251,240,481,491,732,0.5112016293279023,0.3428961748633879,0.410466067048242,0.3721436499928988,1.238085539714867,0.5199999999999818,1.9737302244209889,1.4067763071367043,1.059813492671367,1.2067899350167637,09
09_S18_farm_d0500_conversation.csv,9,S18,farm,d0500,500,225,188,513,413,738,0.5447941888619855,0.3048780487804878,0.3909643788010426,0.592074871236166,1.5138014527845045,0.6799999999999926,2.588587044222867,1.2815808846219396,0.9200000000000728,1.2140406048921522,09
09_S18_park_d1000_conversation.csv,9,S18,park,d1000,1000,304,228,490,532,794,0.5714285714285714,0.3828715365239294,0.4585218702865761,0.476364615383559,1.148872180451126,0.6199999999999903,1.50572873678327,1.1364913862442718,0.8119803015366642,1.0183617582694413,09
09_S18_street_d1500_conversation.csv,9,S18,street,d1500,1500,270,248,494,518,764,0.5212355212355212,0.3534031413612565,0.421216848673947,0.4123235640889212,1.2055598455598435,0.6599999999999682,1.5799652919094724,1.1429071266252389,0.8354162781113814,1.0450423134565767,09
10_S19_beach_d0000_conversation.csv,10,S19,beach,d0000,0,256,157,502,413,758,0.6198547215496368,0.337730870712401,0.4372331340734415,0.3298072643808656,1.476561743341405,0.6999999999999886,1.9134990816020463,1.309569103647992,0.8677135200629209,1.2146788687574106,10
10_S19_farm_d0500_conversation.csv,10,S19,farm,d0500,500,268,225,490,493,758,0.5436105476673428,0.3535620052770448,0.4284572342126299,0.6091151649495202,1.2856389452332655,0.5600000000000023,1.7439471234635004,1.2946526111316068,0.8381936949220972,1.2162627799088512,10
10_S19_park_d1000_conversation.csv,10,S19,park,d1000,1000,278,212,452,490,730,0.5673469387755102,0.3808219178082191,0.4557377049180328,0.4242033107024406,1.2851428571428565,0.6599999999999966,1.742980698196544,1.3193062246549707,0.922696473696078,1.1445523897384948,10
10_S19_street_d1500_conversation.csv,10,S19,street,d1500,1500,252,237,485,489,737,0.5153374233128835,0.3419267299864315,0.4110929853181077,0.3961032904738957,1.2634355828220856,0.6399999999999864,1.821438243950444,1.244456466324607,0.8167055281826876,1.142596866077269,10
10_S20_beach_d0000_conversation.csv,10,S20,beach,d0000,0,246,161,512,407,758,0.6044226044226044,0.3245382585751979,0.4223175965665236,0.3329821707208705,1.5013267813267803,0.7200000000000131,1.931692796562161,1.309569103647992,0.8677135200629209,1.2146788687574106,10
10_S20_farm_d0500_conversation.csv,10,S20,farm,d0500,500,280,217,478,497,758,0.5633802816901409,0.3693931398416886,0.446215139442231,0.6063996837517152,1.271348088531187,0.6200000000000045,1.7286898522269756,1.2946526111316068,0.8381936949220972,1.2162627799088512,10
10_S20_park_d1000_conversation.csv,10,S20,park,d1000,1000,301,210,429,511,730,0.589041095890411,0.4123287671232877,0.4850926672038679,0.4741915466644458,1.2312328767123275,0.7199999999999989,1.6631180035444395,1.319306224654971,0.922696473696078,1.144552389738495,10
10_S20_street_d1500_conversation.csv,10,S20,street,d1500,1500,275,223,462,498,737,0.5522088353413654,0.373134328358209,0.4453441295546559,0.424526684041218,1.2398795180722892,0.6200000000000045,1.6601178121274232,1.2444564663246074,0.8167055281826876,1.1425968660772692,10
11_S21_beach_d1500_conversation.csv,11,S21,beach,d1500,1500,207,211,407,418,614,0.4952153110047846,0.3371335504885993,0.4011627906976743,0.362068857129907,1.535454545454546,0.759999999999998,1.8926231534682028,1.3419986664262906,0.8600000000000136,1.2533955895868851,11
11_S21_farm_d1000_conversation.csv,11,S21,farm,d1000,1000,278,180,540,458,818,0.6069868995633187,0.3398533007334963,0.4357366771159875,0.4171228464951036,1.4279475982532748,0.6399999999999864,2.049440370275552,1.2172570680782588,0.897125086627284,1.044219959651515,11
11_S21_park_d0500_conversation.csv,11,S21,park,d0500,500,281,188,511,469,792,0.5991471215351812,0.3547979797979798,0.4456780333068993,0.611907401670256,1.345714285714286,0.6999999999999886,1.8525606583845555,1.2887004353203648,0.9399999999999996,1.1279662289754313,11
11_S21_street_d0000_conversation.csv,11,S21,street,d0000,0,216,129,498,345,714,0.6260869565217392,0.3025210084033613,0.4079320113314447,0.3280707087625351,1.973449275362317,1.0600000000000025,2.444601977242338,1.3432609319016071,0.9170178492456104,1.1727856501099572,11
11_S22_beach_d1500_conversation.csv,11,S22,beach,d1500,1500,222,186,392,408,614,0.5441176470588235,0.3615635179153094,0.4344422700587083,0.3621263865595929,1.5722058823529412,0.920000000000016,1.8608708262859777,1.3419986664262906,0.8600000000000136,1.2533955895868854,11
11_S22_farm_d1000_conversation.csv,11,S22,farm,d1000,1000,265,147,553,412,818,0.6432038834951457,0.323960880195599,0.4308943089430894,0.4335958385091469,1.5908252427184475,0.6400000000001,2.3659699664368627,1.2172570680782588,0.897125086627284,1.044219959651515,11
11_S22_park_d0500_conversation.csv,11,S22,park,d0500,500,290,164,502,454,792,0.6387665198237885,0.3661616161616162,0.4654895666131621,0.6157807137821254,1.3907488986784151,0.6999999999999886,1.989968424126023,1.2887004353203648,0.9399999999999996,1.127966228975431,11
11_S22_street_d0000_conversation.csv,11,S22,street,d0000,0,216,126,498,342,714,0.631578947368421,0.3025210084033613,0.409090909090909,0.3034230572381683,1.9914619883040932,1.0,2.516152189196509,1.3432609319016071,0.9170178492456104,1.1727856501099572,11
12_S23_beach_d1000_conversation.csv,12,S23,beach,d1000,1000,265,225,445,490,710,0.5408163265306123,0.3732394366197183,0.4416666666666667,0.4036253375050265,1.2710204081632648,0.5799999999999992,1.6363556383297952,1.0287095167058382,0.6934644884727845,0.9511576063951688,12
12_S23_farm_d0500_conversation.csv,12,S23,farm,d0500,500,211,236,455,447,666,0.4720357941834452,0.3168168168168168,0.3791554357592093,0.6124266383429512,1.42035794183445,0.6200000000000045,2.056716580706776,1.1633256621429806,0.7510617488046591,1.095128414608303,12
12_S23_park_d0000_conversation.csv,12,S23,park,d0000,0,216,191,454,407,670,0.5307125307125307,0.3223880597014925,0.4011142061281337,0.3189572955851265,1.526437346437346,0.6599999999999682,2.294866150568033,1.1934131100934502,0.7630542032281937,1.1420148195568718,12
12_S23_street_d1500_conversation.csv,12,S23,street,d1500,1500,272,208,440,480,712,0.5666666666666667,0.3820224719101123,0.4563758389261744,0.3951557481302659,1.2944166666666672,0.5600000000000591,1.642397280315847,1.0484445846430046,0.6672781745760403,1.0644218574620496,12
12_S24_beach_d1000_conversation.csv,12,S24,beach,d1000,1000,271,189,439,460,710,0.5891304347826087,0.3816901408450704,0.4632478632478632,0.374880660183457,1.3581739130434796,0.6799999999999784,1.6942599167206975,1.0287095167058382,0.6934644884727845,0.9511576063951688,12
12_S24_farm_d0500_conversation.csv,12,S24,farm,d0500,500,208,214,458,422,666,0.4928909952606635,0.3123123123123123,0.3823529411764705,0.6348871260273572,1.5028909952606668,0.6399999999999864,2.083165241678376,1.1633256621429806,0.7510617488046591,1.095128414608303,12
12_S24_park_d0000_conversation.csv,12,S24,park,d0000,0,207,212,463,419,670,0.4940334128878281,0.308955223880597,0.3801652892561984,0.3207069813024589,1.4800000000000002,0.6599999999999682,2.158271650073993,1.1934131100934502,0.7630542032281937,1.1420148195568718,12
12_S24_street_d1500_conversation.csv,12,S24,street,d1500,1500,253,230,459,483,712,0.5238095238095238,0.3553370786516854,0.4234309623430963,0.4274465583460394,1.2846376811594202,0.5799999999999841,1.671030980401656,1.048444584643005,0.6672781745760403,1.06442185746205,12
13_S25_beach_d0000_conversation.csv,13,S25,beach,d0000,0,361,162,521,523,882,0.6902485659655831,0.409297052154195,0.5138790035587188,0.3445787349104609,1.1685277246653931,0.6800000000000637,1.359452121076365,1.1668553573998877,0.8279438694266901,1.1458352730429546,13
13_S25_farm_d1000_conversation.csv,13,S25,farm,d1000,1000,248,243,442,491,690,0.505091649694501,0.3594202898550724,0.4199830651989839,0.4072257418613745,1.317311608961305,0.6000000000000227,1.8000495870765558,1.2909352833324943,0.8400000000000318,1.2803539536423625,13
13_S25_park_d0500_conversation.csv,13,S25,park,d0500,500,348,195,560,543,908,0.6408839779005525,0.3832599118942731,0.4796691936595451,0.6118876422706082,1.1752854511970536,0.6400000000000148,1.5550395296504351,1.1329447688858485,0.780260304721736,1.101452679696986,13
13_S25_street_d1500_conversation.csv,13,S25,street,d1500,1500,104,148,360,252,464,0.4126984126984127,0.2241379310344827,0.2905027932960893,0.4181827140075052,2.591984126984128,0.8000000000000682,3.916860282922855,1.849622199136821,1.3620787943187622,1.718986862753066,13
13_S26_beach_d0000_conversation.csv,13,S26,beach,d0000,0,363,157,519,520,882,0.698076923076923,0.4115646258503401,0.5178316690442226,0.3608439862913967,1.176576923076922,0.6999999999999886,1.389697190953621,1.1668553573998877,0.8279438694266901,1.1458352730429546,13
13_S26_farm_d1000_conversation.csv,13,S26,farm,d1000,1000,259,211,431,470,690,0.551063829787234,0.3753623188405797,0.446551724137931,0.4641180550393229,1.378936170212766,0.7200000000000273,1.846354353904221,1.2909352833324947,0.8400000000000318,1.2803539536423627,13
13_S26_park_d0500_conversation.csv,13,S26,park,d0500,500,364,201,544,565,908,0.6442477876106195,0.4008810572687225,0.4942294636795654,0.6277214704230601,1.1275752212389365,0.6199999999999903,1.441872662656176,1.1329447688858478,0.780260304721736,1.101452679696986,13
13_S26_street_d1500_conversation.csv,13,S26,street,d1500,1500,95,159,369,254,464,0.374015748031496,0.2047413793103448,0.2646239554317549,0.4337437549406355,2.572362204724409,0.9800000000000182,3.673900704767723,1.849622199136821,1.3620787943187622,1.7189868627530658,13
